date,open,high,low,close,volume,oi,symbol,name,expiry,strike,instrument_type
2024-01-12 09:15:00+05:30,47656.8,47709.9,47625.55,47663.75,27135,2275950,BANKNIFTY24JANFUT,BANKNIFTY,2024-01-25,0.0,FUT
2024-01-12 09:16:00+05:30,47663.75,47680.0,47653.35,47656.8,13830,2275950,BANKNIFTY24JANFUT,BANKNIFTY,2024-01-25,0.0,FUT
2024-01-12 09:17:00+05:30,47658.35,47669.45,47645.0,47648.8,12075,2281020,BANKNIFTY24JANFUT,BANKNIFTY,2024-01-25,0.0,FUT
2024-01-12 09:18:00+05:30,47648.8,47662.0,47641.0,47655.9,6765,2281020,BANKNIFTY24JANFUT,BANKNIFTY,2024-01-25,0.0,FUT
2024-01-12 09:19:00+05:30,47655.0,47655.0,47630.0,47641.6,7260,2281020,BANKNIFTY24JANFUT,BANKNIFTY,2024-01-25,0.0,FUT
2024-01-12 09:20:00+05:30,47640.55,47643.6,47620.0,47638.0,7935,2286525,BANKNIFTY24JANFUT,BANKNIFTY,2024-01-25,0.0,FUT
2024-01-12 09:21:00+05:30,47638.0,47640.9,47625.0,47625.0,4680,2286525,BANKNIFTY24JANFUT,BANKNIFTY,2024-01-25,0.0,FUT
2024-01-12 09:22:00+05:30,47625.0,47626.8,47606.0,47620.35,7305,2286525,BANKNIFTY24JANFUT,BANKNIFTY,2024-01-25,0.0,FUT
2024-01-12 09:23:00+05:30,47624.95,47638.3,47615.0,47630.95,6405,2288910,BANKNIFTY24JANFUT,BANKNIFTY,2024-01-25,0.0,FUT
2024-01-12 09:24:00+05:30,47642.75,47646.7,47609.05,47614.1,12420,2288910,BANKNIFTY24JANFUT,BANKNIFTY,2024-01-25,0.0,FUT
2024-01-12 09:25:00+05:30,47619.05,47628.95,47611.6,47625.2,10440,2288910,BANKNIFTY24JANFUT,BANKNIFTY,2024-01-25,0.0,FUT
2024-01-12 09:26:00+05:30,47626.0,47643.6,47622.25,47635.3,5145,2301990,BANKNIFTY24JANFUT,BANKNIFTY,2024-01-25,0.0,FUT
2024-01-12 09:27:00+05:30,47637.2,47650.85,47612.0,47612.0,9780,2301990,BANKNIFTY24JANFUT,BANKNIFTY,2024-01-25,0.0,FUT
2024-01-12 09:28:00+05:30,47612.0,47636.75,47612.0,47628.45,13110,2301990,BANKNIFTY24JANFUT,BANKNIFTY,2024-01-25,0.0,FUT
2024-01-12 09:29:00+05:30,47628.45,47638.35,47624.0,47629.85,4005,2310975,BANKNIFTY24JANFUT,BANKNIFTY,2024-01-25,0.0,FUT
2024-01-12 09:30:00+05:30,47629.85,47655.0,47629.85,47647.8,5205,2310975,BANKNIFTY24JANFUT,BANKNIFTY,2024-01-25,0.0,FUT
2024-01-12 09:31:00+05:30,47647.75,47655.6,47617.75,47618.4,8205,2310975,BANKNIFTY24JANFUT,BANKNIFTY,2024-01-25,0.0,FUT
2024-01-12 09:32:00+05:30,47618.8,47633.05,47618.8,47620.0,4410,2315580,BANKNIFTY24JANFUT,BANKNIFTY,2024-01-25,0.0,FUT
2024-01-12 09:33:00+05:30,47620.0,47633.85,47593.7,47615.0,9300,2315580,BANKNIFTY24JANFUT,BANKNIFTY,2024-01-25,0.0,FUT
2024-01-12 09:34:00+05:30,47615.0,47620.15,47605.0,47610.0,4500,2315580,BANKNIFTY24JANFUT,BANKNIFTY,2024-01-25,0.0,FUT
2024-01-12 09:35:00+05:30,47607.9,47624.65,47605.4,47609.65,4740,2318685,BANKNIFTY24JANFUT,BANKNIFTY,2024-01-25,0.0,FUT
2024-01-12 09:36:00+05:30,47611.0,47611.0,47575.6,47585.6,7965,2318685,BANKNIFTY24JANFUT,BANKNIFTY,2024-01-25,0.0,FUT
2024-01-12 09:37:00+05:30,47591.65,47597.85,47577.6,47587.4,5985,2318685,BANKNIFTY24JANFUT,BANKNIFTY,2024-01-25,0.0,FUT
2024-01-12 09:38:00+05:30,47587.4,47598.0,47568.6,47593.25,8595,2323905,BANKNIFTY24JANFUT,BANKNIFTY,2024-01-25,0.0,FUT
2024-01-12 09:39:00+05:30,47593.25,47610.0,47579.1,47604.8,4560,2323905,BANKNIFTY24JANFUT,BANKNIFTY,2024-01-25,0.0,FUT
2024-01-12 09:40:00+05:30,47596.0,47603.5,47589.25,47597.35,4455,2323905,BANKNIFTY24JANFUT,BANKNIFTY,2024-01-25,0.0,FUT
2024-01-12 09:41:00+05:30,47603.45,47634.5,47596.1,47620.0,4650,2330295,BANKNIFTY24JANFUT,BANKNIFTY,2024-01-25,0.0,FUT
2024-01-12 09:42:00+05:30,47620.0,47622.6,47607.9,47609.8,2625,2330295,BANKNIFTY24JANFUT,BANKNIFTY,2024-01-25,0.0,FUT
2024-01-12 09:43:00+05:30,47609.8,47617.45,47600.0,47616.05,1860,2330295,BANKNIFTY24JANFUT,BANKNIFTY,2024-01-25,0.0,FUT
2024-01-12 09:44:00+05:30,47618.2,47624.05,47612.4,47620.95,2745,2332245,BANKNIFTY24JANFUT,BANKNIFTY,2024-01-25,0.0,FUT
2024-01-12 09:45:00+05:30,47620.95,47639.95,47618.2,47632.2,2910,2332245,BANKNIFTY24JANFUT,BANKNIFTY,2024-01-25,0.0,FUT
2024-01-12 09:46:00+05:30,47632.2,47632.2,47603.0,47609.7,1230,2332245,BANKNIFTY24JANFUT,BANKNIFTY,2024-01-25,0.0,FUT
2024-01-12 09:47:00+05:30,47607.05,47620.0,47598.9,47614.25,2475,2333940,BANKNIFTY24JANFUT,BANKNIFTY,2024-01-25,0.0,FUT
2024-01-12 09:48:00+05:30,47614.25,47616.45,47605.4,47605.4,1920,2333940,BANKNIFTY24JANFUT,BANKNIFTY,2024-01-25,0.0,FUT
2024-01-12 09:49:00+05:30,47605.4,47628.15,47605.4,47620.85,1965,2333940,BANKNIFTY24JANFUT,BANKNIFTY,2024-01-25,0.0,FUT
2024-01-12 09:50:00+05:30,47620.85,47637.0,47620.85,47634.0,2850,2317245,BANKNIFTY24JANFUT,BANKNIFTY,2024-01-25,0.0,FUT
2024-01-12 09:51:00+05:30,47634.0,47636.15,47625.15,47626.95,1875,2317245,BANKNIFTY24JANFUT,BANKNIFTY,2024-01-25,0.0,FUT
2024-01-12 09:52:00+05:30,47626.95,47662.85,47620.4,47638.4,9135,2317245,BANKNIFTY24JANFUT,BANKNIFTY,2024-01-25,0.0,FUT
2024-01-12 09:53:00+05:30,47638.4,47642.0,47610.0,47611.3,4785,2322765,BANKNIFTY24JANFUT,BANKNIFTY,2024-01-25,0.0,FUT
2024-01-12 09:54:00+05:30,47620.8,47641.2,47618.35,47633.0,3825,2322765,BANKNIFTY24JANFUT,BANKNIFTY,2024-01-25,0.0,FUT
2024-01-12 09:55:00+05:30,47633.0,47652.85,47630.15,47636.3,2355,2322765,BANKNIFTY24JANFUT,BANKNIFTY,2024-01-25,0.0,FUT
2024-01-12 09:56:00+05:30,47636.3,47636.3,47621.75,47626.1,9645,2328630,BANKNIFTY24JANFUT,BANKNIFTY,2024-01-25,0.0,FUT
2024-01-12 09:57:00+05:30,47626.1,47646.5,47626.1,47640.0,1575,2328630,BANKNIFTY24JANFUT,BANKNIFTY,2024-01-25,0.0,FUT
2024-01-12 09:58:00+05:30,47640.0,47650.0,47635.0,47649.95,2775,2328630,BANKNIFTY24JANFUT,BANKNIFTY,2024-01-25,0.0,FUT
2024-01-12 09:59:00+05:30,47638.1,47660.0,47638.1,47660.0,2970,2329755,BANKNIFTY24JANFUT,BANKNIFTY,2024-01-25,0.0,FUT
2024-01-12 10:00:00+05:30,47660.0,47670.0,47653.5,47658.3,9225,2329755,BANKNIFTY24JANFUT,BANKNIFTY,2024-01-25,0.0,FUT
2024-01-12 10:01:00+05:30,47665.0,47682.3,47657.0,47677.25,6600,2329755,BANKNIFTY24JANFUT,BANKNIFTY,2024-01-25,0.0,FUT
2024-01-12 10:02:00+05:30,47673.3,47687.0,47671.8,47679.95,5895,2325465,BANKNIFTY24JANFUT,BANKNIFTY,2024-01-25,0.0,FUT
2024-01-12 10:03:00+05:30,47679.95,47745.0,47679.95,47743.05,69870,2325465,BANKNIFTY24JANFUT,BANKNIFTY,2024-01-25,0.0,FUT
2024-01-12 10:04:00+05:30,47748.0,47775.0,47738.9,47775.0,25935,2325465,BANKNIFTY24JANFUT,BANKNIFTY,2024-01-25,0.0,FUT
2024-01-12 10:05:00+05:30,47775.0,47777.85,47737.25,47760.0,31005,2307465,BANKNIFTY24JANFUT,BANKNIFTY,2024-01-25,0.0,FUT
2024-01-12 10:06:00+05:30,47760.0,47780.0,47753.0,47755.0,15150,2307465,BANKNIFTY24JANFUT,BANKNIFTY,2024-01-25,0.0,FUT
2024-01-12 10:07:00+05:30,47760.0,47774.95,47750.65,47760.0,8130,2307465,BANKNIFTY24JANFUT,BANKNIFTY,2024-01-25,0.0,FUT
2024-01-12 10:08:00+05:30,47754.35,47779.95,47754.35,47760.0,8310,2300730,BANKNIFTY24JANFUT,BANKNIFTY,2024-01-25,0.0,FUT
2024-01-12 10:09:00+05:30,47770.0,47797.95,47763.7,47790.0,16680,2300730,BANKNIFTY24JANFUT,BANKNIFTY,2024-01-25,0.0,FUT
2024-01-12 10:10:00+05:30,47790.0,47800.0,47768.65,47780.0,18405,2300730,BANKNIFTY24JANFUT,BANKNIFTY,2024-01-25,0.0,FUT
2024-01-12 10:11:00+05:30,47780.0,47795.0,47770.0,47784.45,4320,2293995,BANKNIFTY24JANFUT,BANKNIFTY,2024-01-25,0.0,FUT
2024-01-12 10:12:00+05:30,47784.45,47788.95,47767.45,47768.7,4635,2293995,BANKNIFTY24JANFUT,BANKNIFTY,2024-01-25,0.0,FUT
2024-01-12 10:13:00+05:30,47768.7,47784.1,47765.0,47781.95,8085,2293995,BANKNIFTY24JANFUT,BANKNIFTY,2024-01-25,0.0,FUT
2024-01-12 10:14:00+05:30,47781.95,47786.4,47765.8,47785.35,11655,2295675,BANKNIFTY24JANFUT,BANKNIFTY,2024-01-25,0.0,FUT
2024-01-12 10:15:00+05:30,47785.35,47798.35,47774.05,47795.1,22305,2295675,BANKNIFTY24JANFUT,BANKNIFTY,2024-01-25,0.0,FUT
2024-01-12 10:16:00+05:30,47795.1,47818.25,47765.0,47766.1,31530,2295675,BANKNIFTY24JANFUT,BANKNIFTY,2024-01-25,0.0,FUT
2024-01-12 10:17:00+05:30,47766.1,47780.7,47758.05,47780.7,10185,2277135,BANKNIFTY24JANFUT,BANKNIFTY,2024-01-25,0.0,FUT
2024-01-12 10:18:00+05:30,47780.7,47789.15,47770.0,47775.0,3825,2277135,BANKNIFTY24JANFUT,BANKNIFTY,2024-01-25,0.0,FUT
2024-01-12 10:19:00+05:30,47780.0,47782.4,47764.05,47766.3,12735,2277135,BANKNIFTY24JANFUT,BANKNIFTY,2024-01-25,0.0,FUT
2024-01-12 10:20:00+05:30,47766.3,47785.35,47759.5,47785.35,5970,2274270,BANKNIFTY24JANFUT,BANKNIFTY,2024-01-25,0.0,FUT
2024-01-12 10:21:00+05:30,47785.35,47794.8,47777.75,47781.8,5190,2274270,BANKNIFTY24JANFUT,BANKNIFTY,2024-01-25,0.0,FUT
2024-01-12 10:22:00+05:30,47780.0,47783.55,47768.15,47776.5,2055,2274270,BANKNIFTY24JANFUT,BANKNIFTY,2024-01-25,0.0,FUT
2024-01-12 10:23:00+05:30,47776.5,47780.6,47760.2,47777.0,3765,2266845,BANKNIFTY24JANFUT,BANKNIFTY,2024-01-25,0.0,FUT
2024-01-12 10:24:00+05:30,47785.0,47787.5,47770.2,47772.85,1995,2266845,BANKNIFTY24JANFUT,BANKNIFTY,2024-01-25,0.0,FUT
2024-01-12 10:25:00+05:30,47772.85,47786.75,47765.6,47767.85,3255,2266845,BANKNIFTY24JANFUT,BANKNIFTY,2024-01-25,0.0,FUT
2024-01-12 10:26:00+05:30,47767.85,47793.05,47767.85,47789.45,4500,2264160,BANKNIFTY24JANFUT,BANKNIFTY,2024-01-25,0.0,FUT
2024-01-12 10:27:00+05:30,47789.45,47800.0,47780.0,47796.0,5955,2264160,BANKNIFTY24JANFUT,BANKNIFTY,2024-01-25,0.0,FUT
2024-01-12 10:28:00+05:30,47797.45,47850.0,47793.3,47833.2,54795,2264160,BANKNIFTY24JANFUT,BANKNIFTY,2024-01-25,0.0,FUT
2024-01-12 10:29:00+05:30,47833.3,47834.95,47783.75,47785.05,11775,2235615,BANKNIFTY24JANFUT,BANKNIFTY,2024-01-25,0.0,FUT
2024-01-12 10:30:00+05:30,47785.05,47804.65,47779.85,47786.6,7590,2235615,BANKNIFTY24JANFUT,BANKNIFTY,2024-01-25,0.0,FUT
2024-01-12 10:31:00+05:30,47786.6,47793.6,47771.1,47783.05,6075,2235615,BANKNIFTY24JANFUT,BANKNIFTY,2024-01-25,0.0,FUT
2024-01-12 10:32:00+05:30,47783.05,47783.05,47765.2,47767.55,5085,2231970,BANKNIFTY24JANFUT,BANKNIFTY,2024-01-25,0.0,FUT
2024-01-12 10:33:00+05:30,47770.25,47783.05,47765.25,47775.05,14565,2231970,BANKNIFTY24JANFUT,BANKNIFTY,2024-01-25,0.0,FUT
2024-01-12 10:34:00+05:30,47775.0,47782.0,47771.6,47780.1,1770,2231970,BANKNIFTY24JANFUT,BANKNIFTY,2024-01-25,0.0,FUT
2024-01-12 10:35:00+05:30,47780.1,47783.25,47771.7,47782.1,2415,2237550,BANKNIFTY24JANFUT,BANKNIFTY,2024-01-25,0.0,FUT
2024-01-12 10:36:00+05:30,47774.7,47789.15,47774.7,47780.05,1785,2237550,BANKNIFTY24JANFUT,BANKNIFTY,2024-01-25,0.0,FUT
2024-01-12 10:37:00+05:30,47780.05,47789.9,47771.7,47775.05,1710,2237550,BANKNIFTY24JANFUT,BANKNIFTY,2024-01-25,0.0,FUT
2024-01-12 10:38:00+05:30,47775.05,47784.8,47770.2,47783.0,1650,2237970,BANKNIFTY24JANFUT,BANKNIFTY,2024-01-25,0.0,FUT
2024-01-12 10:39:00+05:30,47783.0,47818.8,47775.5,47814.15,3360,2237970,BANKNIFTY24JANFUT,BANKNIFTY,2024-01-25,0.0,FUT
2024-01-12 10:40:00+05:30,47814.15,47874.35,47810.0,47860.0,71685,2237970,BANKNIFTY24JANFUT,BANKNIFTY,2024-01-25,0.0,FUT
2024-01-12 10:41:00+05:30,47860.0,47874.95,47825.95,47836.5,14790,2186025,BANKNIFTY24JANFUT,BANKNIFTY,2024-01-25,0.0,FUT
2024-01-12 10:42:00+05:30,47836.5,47837.4,47815.0,47822.5,18675,2186025,BANKNIFTY24JANFUT,BANKNIFTY,2024-01-25,0.0,FUT
2024-01-12 10:43:00+05:30,47823.45,47839.9,47820.05,47834.95,9900,2186025,BANKNIFTY24JANFUT,BANKNIFTY,2024-01-25,0.0,FUT
2024-01-12 10:44:00+05:30,47839.75,47864.95,47835.05,47857.75,4800,2195550,BANKNIFTY24JANFUT,BANKNIFTY,2024-01-25,0.0,FUT
2024-01-12 10:45:00+05:30,47854.0,47864.65,47840.0,47841.85,11295,2195550,BANKNIFTY24JANFUT,BANKNIFTY,2024-01-25,0.0,FUT
2024-01-12 10:46:00+05:30,47841.85,47870.0,47840.9,47870.0,9555,2195550,BANKNIFTY24JANFUT,BANKNIFTY,2024-01-25,0.0,FUT
2024-01-12 10:47:00+05:30,47869.0,47945.0,47861.9,47880.0,89805,2159565,BANKNIFTY24JANFUT,BANKNIFTY,2024-01-25,0.0,FUT
2024-01-12 10:48:00+05:30,47877.0,47888.35,47875.0,47882.65,13935,2159565,BANKNIFTY24JANFUT,BANKNIFTY,2024-01-25,0.0,FUT
2024-01-12 10:49:00+05:30,47882.65,47898.0,47875.45,47875.45,12585,2159565,BANKNIFTY24JANFUT,BANKNIFTY,2024-01-25,0.0,FUT
2024-01-12 10:50:00+05:30,47875.45,47892.95,47870.1,47887.15,9930,2146635,BANKNIFTY24JANFUT,BANKNIFTY,2024-01-25,0.0,FUT
2024-01-12 10:51:00+05:30,47885.45,47890.0,47875.9,47887.25,5535,2146635,BANKNIFTY24JANFUT,BANKNIFTY,2024-01-25,0.0,FUT
2024-01-12 10:52:00+05:30,47885.0,47888.55,47865.65,47865.65,1710,2146635,BANKNIFTY24JANFUT,BANKNIFTY,2024-01-25,0.0,FUT
2024-01-12 10:53:00+05:30,47865.65,47870.0,47849.15,47851.45,7260,2147565,BANKNIFTY24JANFUT,BANKNIFTY,2024-01-25,0.0,FUT
2024-01-12 10:54:00+05:30,47850.95,47865.0,47849.45,47865.0,4545,2147565,BANKNIFTY24JANFUT,BANKNIFTY,2024-01-25,0.0,FUT
2024-01-12 10:55:00+05:30,47865.0,47869.35,47853.55,47859.15,1470,2147565,BANKNIFTY24JANFUT,BANKNIFTY,2024-01-25,0.0,FUT
2024-01-12 10:56:00+05:30,47859.15,47880.0,47859.15,47874.3,1830,2146065,BANKNIFTY24JANFUT,BANKNIFTY,2024-01-25,0.0,FUT
2024-01-12 10:57:00+05:30,47874.3,47880.7,47862.55,47879.0,3120,2146065,BANKNIFTY24JANFUT,BANKNIFTY,2024-01-25,0.0,FUT
2024-01-12 10:58:00+05:30,47879.0,47882.9,47864.4,47880.7,2730,2146065,BANKNIFTY24JANFUT,BANKNIFTY,2024-01-25,0.0,FUT
2024-01-12 10:59:00+05:30,47880.7,47890.0,47875.0,47889.7,3375,2143080,BANKNIFTY24JANFUT,BANKNIFTY,2024-01-25,0.0,FUT
2024-01-12 11:00:00+05:30,47884.1,47925.75,47884.1,47917.7,31845,2143080,BANKNIFTY24JANFUT,BANKNIFTY,2024-01-25,0.0,FUT
2024-01-12 11:01:00+05:30,47920.15,47929.45,47875.0,47875.0,12645,2143080,BANKNIFTY24JANFUT,BANKNIFTY,2024-01-25,0.0,FUT
2024-01-12 11:02:00+05:30,47875.0,47887.4,47860.0,47873.5,6210,2123715,BANKNIFTY24JANFUT,BANKNIFTY,2024-01-25,0.0,FUT
2024-01-12 11:03:00+05:30,47877.1,47880.85,47863.75,47870.45,5355,2123715,BANKNIFTY24JANFUT,BANKNIFTY,2024-01-25,0.0,FUT
2024-01-12 11:04:00+05:30,47870.45,47873.3,47857.0,47860.55,3330,2123715,BANKNIFTY24JANFUT,BANKNIFTY,2024-01-25,0.0,FUT
2024-01-12 11:05:00+05:30,47860.55,47875.0,47857.0,47868.1,2265,2120475,BANKNIFTY24JANFUT,BANKNIFTY,2024-01-25,0.0,FUT
2024-01-12 11:06:00+05:30,47868.1,47872.3,47857.0,47857.0,2295,2120475,BANKNIFTY24JANFUT,BANKNIFTY,2024-01-25,0.0,FUT
2024-01-12 11:07:00+05:30,47857.0,47857.0,47831.25,47831.25,5550,2120475,BANKNIFTY24JANFUT,BANKNIFTY,2024-01-25,0.0,FUT
2024-01-12 11:08:00+05:30,47831.25,47849.65,47825.0,47846.0,7905,2117430,BANKNIFTY24JANFUT,BANKNIFTY,2024-01-25,0.0,FUT
2024-01-12 11:09:00+05:30,47846.0,47857.75,47841.15,47850.75,2565,2117430,BANKNIFTY24JANFUT,BANKNIFTY,2024-01-25,0.0,FUT
2024-01-12 11:10:00+05:30,47850.75,47860.0,47840.85,47860.0,1725,2117430,BANKNIFTY24JANFUT,BANKNIFTY,2024-01-25,0.0,FUT
2024-01-12 11:11:00+05:30,47860.0,47860.05,47840.0,47856.15,3240,2115480,BANKNIFTY24JANFUT,BANKNIFTY,2024-01-25,0.0,FUT
2024-01-12 11:12:00+05:30,47855.55,47858.5,47846.15,47853.35,1815,2115480,BANKNIFTY24JANFUT,BANKNIFTY,2024-01-25,0.0,FUT
2024-01-12 11:13:00+05:30,47853.35,47853.35,47839.7,47839.7,1755,2115480,BANKNIFTY24JANFUT,BANKNIFTY,2024-01-25,0.0,FUT
2024-01-12 11:14:00+05:30,47839.7,47843.15,47828.85,47831.1,2535,2115375,BANKNIFTY24JANFUT,BANKNIFTY,2024-01-25,0.0,FUT
2024-01-12 11:15:00+05:30,47831.1,47847.35,47826.2,47841.6,4515,2115375,BANKNIFTY24JANFUT,BANKNIFTY,2024-01-25,0.0,FUT
2024-01-12 11:16:00+05:30,47841.6,47848.25,47830.1,47838.35,1650,2115375,BANKNIFTY24JANFUT,BANKNIFTY,2024-01-25,0.0,FUT
2024-01-12 11:17:00+05:30,47838.35,47849.0,47838.35,47849.0,2790,2114985,BANKNIFTY24JANFUT,BANKNIFTY,2024-01-25,0.0,FUT
2024-01-12 11:18:00+05:30,47849.0,47856.65,47844.7,47856.65,915,2114985,BANKNIFTY24JANFUT,BANKNIFTY,2024-01-25,0.0,FUT
2024-01-12 11:19:00+05:30,47856.65,47867.8,47855.05,47857.8,2355,2114985,BANKNIFTY24JANFUT,BANKNIFTY,2024-01-25,0.0,FUT
2024-01-12 11:20:00+05:30,47857.8,47867.6,47855.0,47860.2,1620,2110860,BANKNIFTY24JANFUT,BANKNIFTY,2024-01-25,0.0,FUT
2024-01-12 11:21:00+05:30,47860.2,47881.0,47860.2,47866.6,2115,2110860,BANKNIFTY24JANFUT,BANKNIFTY,2024-01-25,0.0,FUT
2024-01-12 11:22:00+05:30,47869.6,47869.6,47846.5,47847.0,1575,2110860,BANKNIFTY24JANFUT,BANKNIFTY,2024-01-25,0.0,FUT
2024-01-12 11:23:00+05:30,47847.0,47860.0,47838.45,47857.15,3000,2108040,BANKNIFTY24JANFUT,BANKNIFTY,2024-01-25,0.0,FUT
2024-01-12 11:24:00+05:30,47857.15,47858.25,47839.8,47844.75,1980,2108040,BANKNIFTY24JANFUT,BANKNIFTY,2024-01-25,0.0,FUT
2024-01-12 11:25:00+05:30,47844.75,47854.0,47842.45,47842.45,1125,2108040,BANKNIFTY24JANFUT,BANKNIFTY,2024-01-25,0.0,FUT
2024-01-12 11:26:00+05:30,47842.45,47851.1,47830.25,47848.8,1605,2107275,BANKNIFTY24JANFUT,BANKNIFTY,2024-01-25,0.0,FUT
2024-01-12 11:27:00+05:30,47848.8,47856.5,47845.4,47845.4,615,2107275,BANKNIFTY24JANFUT,BANKNIFTY,2024-01-25,0.0,FUT
2024-01-12 11:28:00+05:30,47845.4,47860.0,47843.2,47856.1,1020,2107275,BANKNIFTY24JANFUT,BANKNIFTY,2024-01-25,0.0,FUT
2024-01-12 11:29:00+05:30,47856.1,47860.0,47843.9,47860.0,795,2106675,BANKNIFTY24JANFUT,BANKNIFTY,2024-01-25,0.0,FUT
2024-01-12 11:30:00+05:30,47860.0,47861.9,47833.75,47859.65,1770,2106675,BANKNIFTY24JANFUT,BANKNIFTY,2024-01-25,0.0,FUT
2024-01-12 11:31:00+05:30,47859.65,47861.55,47839.9,47844.95,1005,2106675,BANKNIFTY24JANFUT,BANKNIFTY,2024-01-25,0.0,FUT
2024-01-12 11:32:00+05:30,47844.95,47844.95,47834.0,47838.55,645,2106360,BANKNIFTY24JANFUT,BANKNIFTY,2024-01-25,0.0,FUT
2024-01-12 11:33:00+05:30,47838.55,47844.95,47825.0,47831.55,1905,2106360,BANKNIFTY24JANFUT,BANKNIFTY,2024-01-25,0.0,FUT
2024-01-12 11:34:00+05:30,47831.55,47844.8,47825.0,47843.15,1215,2106360,BANKNIFTY24JANFUT,BANKNIFTY,2024-01-25,0.0,FUT
2024-01-12 11:35:00+05:30,47843.15,47853.8,47840.75,47843.55,1005,2106120,BANKNIFTY24JANFUT,BANKNIFTY,2024-01-25,0.0,FUT
2024-01-12 11:36:00+05:30,47842.5,47848.45,47840.35,47840.35,795,2106120,BANKNIFTY24JANFUT,BANKNIFTY,2024-01-25,0.0,FUT
2024-01-12 11:37:00+05:30,47840.35,47840.35,47830.0,47839.25,705,2106120,BANKNIFTY24JANFUT,BANKNIFTY,2024-01-25,0.0,FUT
2024-01-12 11:38:00+05:30,47837.1,47844.1,47830.45,47841.05,1050,2106330,BANKNIFTY24JANFUT,BANKNIFTY,2024-01-25,0.0,FUT
2024-01-12 11:39:00+05:30,47841.05,47856.4,47841.05,47856.4,735,2106330,BANKNIFTY24JANFUT,BANKNIFTY,2024-01-25,0.0,FUT
2024-01-12 11:40:00+05:30,47856.4,47864.8,47843.6,47847.4,1965,2106330,BANKNIFTY24JANFUT,BANKNIFTY,2024-01-25,0.0,FUT
2024-01-12 11:41:00+05:30,47847.4,47848.75,47834.0,47838.0,9825,2111280,BANKNIFTY24JANFUT,BANKNIFTY,2024-01-25,0.0,FUT
2024-01-12 11:42:00+05:30,47838.0,47856.95,47837.0,47853.95,2265,2111280,BANKNIFTY24JANFUT,BANKNIFTY,2024-01-25,0.0,FUT
2024-01-12 11:43:00+05:30,47853.95,47860.0,47850.0,47850.0,255,2111280,BANKNIFTY24JANFUT,BANKNIFTY,2024-01-25,0.0,FUT
2024-01-12 11:44:00+05:30,47850.0,47860.0,47845.8,47850.0,870,2113170,BANKNIFTY24JANFUT,BANKNIFTY,2024-01-25,0.0,FUT
2024-01-12 11:45:00+05:30,47850.0,47858.95,47845.85,47853.5,330,2113170,BANKNIFTY24JANFUT,BANKNIFTY,2024-01-25,0.0,FUT
2024-01-12 11:46:00+05:30,47853.5,47870.2,47853.5,47865.9,4980,2113170,BANKNIFTY24JANFUT,BANKNIFTY,2024-01-25,0.0,FUT
2024-01-12 11:47:00+05:30,47865.9,47865.9,47851.75,47854.85,690,2113485,BANKNIFTY24JANFUT,BANKNIFTY,2024-01-25,0.0,FUT
2024-01-12 11:48:00+05:30,47854.85,47870.0,47854.5,47867.55,1260,2113485,BANKNIFTY24JANFUT,BANKNIFTY,2024-01-25,0.0,FUT
2024-01-12 11:49:00+05:30,47867.55,47880.0,47865.0,47865.0,2850,2113485,BANKNIFTY24JANFUT,BANKNIFTY,2024-01-25,0.0,FUT
2024-01-12 11:50:00+05:30,47865.0,47878.75,47860.05,47878.75,975,2112885,BANKNIFTY24JANFUT,BANKNIFTY,2024-01-25,0.0,FUT
2024-01-12 11:51:00+05:30,47874.5,47886.4,47873.8,47874.3,3660,2112885,BANKNIFTY24JANFUT,BANKNIFTY,2024-01-25,0.0,FUT
2024-01-12 11:52:00+05:30,47874.3,47885.75,47870.0,47879.9,1425,2112885,BANKNIFTY24JANFUT,BANKNIFTY,2024-01-25,0.0,FUT
2024-01-12 11:53:00+05:30,47876.95,47876.95,47861.45,47863.25,1200,2112450,BANKNIFTY24JANFUT,BANKNIFTY,2024-01-25,0.0,FUT
2024-01-12 11:54:00+05:30,47863.25,47869.7,47855.0,47855.0,930,2112450,BANKNIFTY24JANFUT,BANKNIFTY,2024-01-25,0.0,FUT
2024-01-12 11:55:00+05:30,47855.0,47862.0,47845.45,47846.0,1365,2112450,BANKNIFTY24JANFUT,BANKNIFTY,2024-01-25,0.0,FUT
2024-01-12 11:56:00+05:30,47850.0,47854.45,47843.8,47850.0,1860,2112375,BANKNIFTY24JANFUT,BANKNIFTY,2024-01-25,0.0,FUT
2024-01-12 11:57:00+05:30,47850.0,47855.0,47847.35,47851.5,750,2112375,BANKNIFTY24JANFUT,BANKNIFTY,2024-01-25,0.0,FUT
2024-01-12 11:58:00+05:30,47851.5,47865.9,47851.5,47865.9,2085,2112375,BANKNIFTY24JANFUT,BANKNIFTY,2024-01-25,0.0,FUT
2024-01-12 11:59:00+05:30,47865.9,47865.9,47846.15,47846.15,1980,2115120,BANKNIFTY24JANFUT,BANKNIFTY,2024-01-25,0.0,FUT
2024-01-12 12:00:00+05:30,47846.15,47849.95,47832.05,47839.95,1695,2115120,BANKNIFTY24JANFUT,BANKNIFTY,2024-01-25,0.0,FUT
2024-01-12 12:01:00+05:30,47839.95,47839.95,47806.6,47814.6,7650,2115120,BANKNIFTY24JANFUT,BANKNIFTY,2024-01-25,0.0,FUT
2024-01-12 12:02:00+05:30,47814.6,47841.9,47810.0,47833.9,9525,2114175,BANKNIFTY24JANFUT,BANKNIFTY,2024-01-25,0.0,FUT
2024-01-12 12:03:00+05:30,47833.9,47838.2,47788.05,47792.0,11190,2114175,BANKNIFTY24JANFUT,BANKNIFTY,2024-01-25,0.0,FUT
2024-01-12 12:04:00+05:30,47792.0,47811.95,47792.0,47805.0,2670,2114175,BANKNIFTY24JANFUT,BANKNIFTY,2024-01-25,0.0,FUT
2024-01-12 12:05:00+05:30,47805.0,47815.0,47799.9,47803.45,2430,2113890,BANKNIFTY24JANFUT,BANKNIFTY,2024-01-25,0.0,FUT
2024-01-12 12:06:00+05:30,47803.45,47804.6,47775.0,47777.5,7320,2113890,BANKNIFTY24JANFUT,BANKNIFTY,2024-01-25,0.0,FUT
2024-01-12 12:07:00+05:30,47777.5,47804.5,47772.7,47800.0,3765,2113890,BANKNIFTY24JANFUT,BANKNIFTY,2024-01-25,0.0,FUT
2024-01-12 12:08:00+05:30,47800.0,47816.5,47800.0,47807.1,2040,2113980,BANKNIFTY24JANFUT,BANKNIFTY,2024-01-25,0.0,FUT
2024-01-12 12:09:00+05:30,47807.1,47817.95,47782.65,47787.95,3960,2113980,BANKNIFTY24JANFUT,BANKNIFTY,2024-01-25,0.0,FUT
2024-01-12 12:10:00+05:30,47787.95,47814.0,47786.45,47806.0,1380,2113980,BANKNIFTY24JANFUT,BANKNIFTY,2024-01-25,0.0,FUT
2024-01-12 12:11:00+05:30,47806.0,47812.4,47790.0,47790.0,1905,2115255,BANKNIFTY24JANFUT,BANKNIFTY,2024-01-25,0.0,FUT
2024-01-12 12:12:00+05:30,47790.0,47805.6,47790.0,47795.9,855,2115255,BANKNIFTY24JANFUT,BANKNIFTY,2024-01-25,0.0,FUT
2024-01-12 12:13:00+05:30,47795.9,47815.0,47795.9,47814.5,1455,2115255,BANKNIFTY24JANFUT,BANKNIFTY,2024-01-25,0.0,FUT
2024-01-12 12:14:00+05:30,47814.5,47815.0,47806.7,47812.0,510,2115990,BANKNIFTY24JANFUT,BANKNIFTY,2024-01-25,0.0,FUT
2024-01-12 12:15:00+05:30,47812.0,47824.0,47802.1,47805.0,2100,2115990,BANKNIFTY24JANFUT,BANKNIFTY,2024-01-25,0.0,FUT
2024-01-12 12:16:00+05:30,47805.0,47811.15,47800.1,47807.0,1530,2115990,BANKNIFTY24JANFUT,BANKNIFTY,2024-01-25,0.0,FUT
2024-01-12 12:17:00+05:30,47807.0,47810.0,47800.05,47810.0,540,2117340,BANKNIFTY24JANFUT,BANKNIFTY,2024-01-25,0.0,FUT
2024-01-12 12:18:00+05:30,47810.0,47822.8,47790.0,47790.45,1515,2117340,BANKNIFTY24JANFUT,BANKNIFTY,2024-01-25,0.0,FUT
2024-01-12 12:19:00+05:30,47790.45,47817.35,47789.0,47813.05,765,2117340,BANKNIFTY24JANFUT,BANKNIFTY,2024-01-25,0.0,FUT
2024-01-12 12:20:00+05:30,47813.05,47815.0,47805.1,47806.9,435,2117595,BANKNIFTY24JANFUT,BANKNIFTY,2024-01-25,0.0,FUT
2024-01-12 12:21:00+05:30,47806.9,47816.0,47805.0,47805.0,525,2117595,BANKNIFTY24JANFUT,BANKNIFTY,2024-01-25,0.0,FUT
2024-01-12 12:22:00+05:30,47805.0,47810.0,47800.0,47803.7,735,2117595,BANKNIFTY24JANFUT,BANKNIFTY,2024-01-25,0.0,FUT
2024-01-12 12:23:00+05:30,47803.7,47809.65,47800.0,47804.8,150,2117805,BANKNIFTY24JANFUT,BANKNIFTY,2024-01-25,0.0,FUT
2024-01-12 12:24:00+05:30,47804.8,47810.0,47802.5,47807.15,360,2117805,BANKNIFTY24JANFUT,BANKNIFTY,2024-01-25,0.0,FUT
2024-01-12 12:25:00+05:30,47807.15,47814.6,47802.0,47809.9,360,2117805,BANKNIFTY24JANFUT,BANKNIFTY,2024-01-25,0.0,FUT
2024-01-12 12:26:00+05:30,47809.9,47820.0,47801.7,47820.0,600,2116320,BANKNIFTY24JANFUT,BANKNIFTY,2024-01-25,0.0,FUT
2024-01-12 12:27:00+05:30,47820.0,47820.0,47811.65,47818.9,450,2116320,BANKNIFTY24JANFUT,BANKNIFTY,2024-01-25,0.0,FUT
2024-01-12 12:28:00+05:30,47818.9,47839.0,47795.0,47795.0,3465,2116320,BANKNIFTY24JANFUT,BANKNIFTY,2024-01-25,0.0,FUT
2024-01-12 12:29:00+05:30,47795.0,47824.95,47795.0,47818.0,1185,2117370,BANKNIFTY24JANFUT,BANKNIFTY,2024-01-25,0.0,FUT
2024-01-12 12:30:00+05:30,47818.0,47836.0,47815.0,47817.3,1830,2117370,BANKNIFTY24JANFUT,BANKNIFTY,2024-01-25,0.0,FUT
2024-01-12 12:31:00+05:30,47817.3,47825.5,47816.7,47823.7,690,2117370,BANKNIFTY24JANFUT,BANKNIFTY,2024-01-25,0.0,FUT
2024-01-12 12:32:00+05:30,47823.7,47824.95,47810.8,47819.7,1035,2117610,BANKNIFTY24JANFUT,BANKNIFTY,2024-01-25,0.0,FUT
2024-01-12 12:33:00+05:30,47819.7,47825.0,47810.3,47822.25,675,2117610,BANKNIFTY24JANFUT,BANKNIFTY,2024-01-25,0.0,FUT
2024-01-12 12:34:00+05:30,47822.25,47825.0,47813.6,47813.75,960,2117610,BANKNIFTY24JANFUT,BANKNIFTY,2024-01-25,0.0,FUT
2024-01-12 12:35:00+05:30,47813.75,47813.75,47798.05,47808.9,3180,2118180,BANKNIFTY24JANFUT,BANKNIFTY,2024-01-25,0.0,FUT
2024-01-12 12:36:00+05:30,47800.05,47814.85,47796.85,47813.15,1155,2118180,BANKNIFTY24JANFUT,BANKNIFTY,2024-01-25,0.0,FUT
2024-01-12 12:37:00+05:30,47813.2,47813.2,47797.15,47800.0,930,2118180,BANKNIFTY24JANFUT,BANKNIFTY,2024-01-25,0.0,FUT
2024-01-12 12:38:00+05:30,47800.0,47806.0,47792.0,47793.4,1575,2118480,BANKNIFTY24JANFUT,BANKNIFTY,2024-01-25,0.0,FUT
2024-01-12 12:39:00+05:30,47793.4,47799.9,47785.05,47793.7,2475,2118480,BANKNIFTY24JANFUT,BANKNIFTY,2024-01-25,0.0,FUT
2024-01-12 12:40:00+05:30,47793.7,47795.0,47781.0,47781.35,1950,2118480,BANKNIFTY24JANFUT,BANKNIFTY,2024-01-25,0.0,FUT
2024-01-12 12:41:00+05:30,47781.35,47794.45,47780.05,47794.45,4320,2118480,BANKNIFTY24JANFUT,BANKNIFTY,2024-01-25,0.0,FUT
2024-01-12 12:42:00+05:30,47794.45,47794.45,47779.6,47785.0,1290,2118480,BANKNIFTY24JANFUT,BANKNIFTY,2024-01-25,0.0,FUT
2024-01-12 12:43:00+05:30,47785.0,47800.0,47782.9,47794.95,840,2118480,BANKNIFTY24JANFUT,BANKNIFTY,2024-01-25,0.0,FUT
2024-01-12 12:44:00+05:30,47794.95,47803.55,47785.0,47798.0,915,2118570,BANKNIFTY24JANFUT,BANKNIFTY,2024-01-25,0.0,FUT
2024-01-12 12:45:00+05:30,47798.0,47810.75,47788.9,47804.1,4695,2118570,BANKNIFTY24JANFUT,BANKNIFTY,2024-01-25,0.0,FUT
2024-01-12 12:46:00+05:30,47804.1,47814.35,47800.5,47814.35,810,2118570,BANKNIFTY24JANFUT,BANKNIFTY,2024-01-25,0.0,FUT
2024-01-12 12:47:00+05:30,47814.35,47817.0,47805.45,47811.0,1680,2118420,BANKNIFTY24JANFUT,BANKNIFTY,2024-01-25,0.0,FUT
2024-01-12 12:48:00+05:30,47811.0,47818.2,47805.45,47811.0,540,2118420,BANKNIFTY24JANFUT,BANKNIFTY,2024-01-25,0.0,FUT
2024-01-12 12:49:00+05:30,47811.0,47830.0,47808.85,47829.5,1005,2118420,BANKNIFTY24JANFUT,BANKNIFTY,2024-01-25,0.0,FUT
2024-01-12 12:50:00+05:30,47829.5,47838.0,47825.35,47837.0,3405,2119335,BANKNIFTY24JANFUT,BANKNIFTY,2024-01-25,0.0,FUT
2024-01-12 12:51:00+05:30,47837.0,47853.0,47837.0,47853.0,3960,2119335,BANKNIFTY24JANFUT,BANKNIFTY,2024-01-25,0.0,FUT
2024-01-12 12:52:00+05:30,47850.0,47887.45,47847.45,47883.7,6435,2119335,BANKNIFTY24JANFUT,BANKNIFTY,2024-01-25,0.0,FUT
2024-01-12 12:53:00+05:30,47883.7,47888.5,47875.0,47887.8,5790,2117310,BANKNIFTY24JANFUT,BANKNIFTY,2024-01-25,0.0,FUT
2024-01-12 12:54:00+05:30,47887.8,47898.0,47880.0,47894.85,6765,2117310,BANKNIFTY24JANFUT,BANKNIFTY,2024-01-25,0.0,FUT
2024-01-12 12:55:00+05:30,47896.4,47925.0,47885.0,47915.0,16050,2117310,BANKNIFTY24JANFUT,BANKNIFTY,2024-01-25,0.0,FUT
2024-01-12 12:56:00+05:30,47915.0,47927.9,47892.25,47917.75,12240,2111040,BANKNIFTY24JANFUT,BANKNIFTY,2024-01-25,0.0,FUT
2024-01-12 12:57:00+05:30,47918.0,47927.85,47906.55,47908.85,3750,2111040,BANKNIFTY24JANFUT,BANKNIFTY,2024-01-25,0.0,FUT
2024-01-12 12:58:00+05:30,47906.0,47912.8,47894.0,47894.0,2730,2111040,BANKNIFTY24JANFUT,BANKNIFTY,2024-01-25,0.0,FUT
2024-01-12 12:59:00+05:30,47894.0,47907.0,47883.05,47896.05,4590,2110605,BANKNIFTY24JANFUT,BANKNIFTY,2024-01-25,0.0,FUT
2024-01-12 13:00:00+05:30,47896.05,47905.95,47890.3,47900.0,5985,2110605,BANKNIFTY24JANFUT,BANKNIFTY,2024-01-25,0.0,FUT
2024-01-12 13:01:00+05:30,47900.0,47915.0,47893.85,47903.95,3240,2110605,BANKNIFTY24JANFUT,BANKNIFTY,2024-01-25,0.0,FUT
2024-01-12 13:02:00+05:30,47903.95,47925.0,47900.65,47925.0,3225,2109660,BANKNIFTY24JANFUT,BANKNIFTY,2024-01-25,0.0,FUT
2024-01-12 13:03:00+05:30,47919.9,47921.35,47890.0,47890.05,2850,2109660,BANKNIFTY24JANFUT,BANKNIFTY,2024-01-25,0.0,FUT
2024-01-12 13:04:00+05:30,47890.05,47896.75,47881.5,47883.65,1470,2109660,BANKNIFTY24JANFUT,BANKNIFTY,2024-01-25,0.0,FUT
2024-01-12 13:05:00+05:30,47883.65,47893.0,47880.05,47886.65,1950,2109540,BANKNIFTY24JANFUT,BANKNIFTY,2024-01-25,0.0,FUT
2024-01-12 13:06:00+05:30,47886.65,47896.4,47878.9,47881.7,2985,2109540,BANKNIFTY24JANFUT,BANKNIFTY,2024-01-25,0.0,FUT
2024-01-12 13:07:00+05:30,47880.0,47882.05,47851.05,47870.0,6450,2109540,BANKNIFTY24JANFUT,BANKNIFTY,2024-01-25,0.0,FUT
2024-01-12 13:08:00+05:30,47872.0,47879.75,47863.45,47870.35,1800,2110860,BANKNIFTY24JANFUT,BANKNIFTY,2024-01-25,0.0,FUT
2024-01-12 13:09:00+05:30,47877.25,47877.9,47850.0,47857.5,1755,2110860,BANKNIFTY24JANFUT,BANKNIFTY,2024-01-25,0.0,FUT
2024-01-12 13:10:00+05:30,47862.3,47864.6,47847.25,47864.6,3855,2110860,BANKNIFTY24JANFUT,BANKNIFTY,2024-01-25,0.0,FUT
2024-01-12 13:11:00+05:30,47864.6,47887.7,47864.6,47872.8,1755,2112870,BANKNIFTY24JANFUT,BANKNIFTY,2024-01-25,0.0,FUT
2024-01-12 13:12:00+05:30,47872.8,47895.0,47872.8,47889.0,1080,2112870,BANKNIFTY24JANFUT,BANKNIFTY,2024-01-25,0.0,FUT
2024-01-12 13:13:00+05:30,47889.0,47889.0,47880.0,47882.85,615,2112870,BANKNIFTY24JANFUT,BANKNIFTY,2024-01-25,0.0,FUT
2024-01-12 13:14:00+05:30,47882.85,47893.45,47876.15,47880.05,4140,2114115,BANKNIFTY24JANFUT,BANKNIFTY,2024-01-25,0.0,FUT
2024-01-12 13:15:00+05:30,47880.05,47900.0,47880.05,47900.0,2670,2114115,BANKNIFTY24JANFUT,BANKNIFTY,2024-01-25,0.0,FUT
2024-01-12 13:16:00+05:30,47897.45,47901.0,47887.25,47890.0,1890,2114115,BANKNIFTY24JANFUT,BANKNIFTY,2024-01-25,0.0,FUT
2024-01-12 13:17:00+05:30,47890.0,47899.95,47870.45,47872.2,2385,2114100,BANKNIFTY24JANFUT,BANKNIFTY,2024-01-25,0.0,FUT
2024-01-12 13:18:00+05:30,47872.2,47881.25,47869.25,47871.75,1035,2114100,BANKNIFTY24JANFUT,BANKNIFTY,2024-01-25,0.0,FUT
2024-01-12 13:19:00+05:30,47871.75,47879.95,47850.0,47862.95,8055,2114100,BANKNIFTY24JANFUT,BANKNIFTY,2024-01-25,0.0,FUT
2024-01-12 13:20:00+05:30,47858.3,47878.9,47855.7,47875.95,720,2113620,BANKNIFTY24JANFUT,BANKNIFTY,2024-01-25,0.0,FUT
2024-01-12 13:21:00+05:30,47875.95,47889.5,47871.4,47874.2,1710,2113620,BANKNIFTY24JANFUT,BANKNIFTY,2024-01-25,0.0,FUT
2024-01-12 13:22:00+05:30,47874.2,47874.25,47860.05,47866.85,660,2113620,BANKNIFTY24JANFUT,BANKNIFTY,2024-01-25,0.0,FUT
2024-01-12 13:23:00+05:30,47866.85,47878.85,47861.5,47875.0,1545,2113620,BANKNIFTY24JANFUT,BANKNIFTY,2024-01-25,0.0,FUT
2024-01-12 13:24:00+05:30,47875.0,47880.0,47863.75,47867.7,615,2115510,BANKNIFTY24JANFUT,BANKNIFTY,2024-01-25,0.0,FUT
2024-01-12 13:25:00+05:30,47867.7,47867.7,47861.0,47865.0,435,2115510,BANKNIFTY24JANFUT,BANKNIFTY,2024-01-25,0.0,FUT
2024-01-12 13:26:00+05:30,47865.0,47877.4,47861.0,47867.9,540,2115510,BANKNIFTY24JANFUT,BANKNIFTY,2024-01-25,0.0,FUT
2024-01-12 13:27:00+05:30,47867.9,47880.0,47867.25,47878.45,915,2115840,BANKNIFTY24JANFUT,BANKNIFTY,2024-01-25,0.0,FUT
2024-01-12 13:28:00+05:30,47878.45,47885.0,47872.1,47885.0,1305,2115840,BANKNIFTY24JANFUT,BANKNIFTY,2024-01-25,0.0,FUT
2024-01-12 13:29:00+05:30,47885.0,47885.0,47875.0,47875.0,1200,2115735,BANKNIFTY24JANFUT,BANKNIFTY,2024-01-25,0.0,FUT
2024-01-12 13:30:00+05:30,47875.0,47883.0,47867.0,47883.0,1170,2115735,BANKNIFTY24JANFUT,BANKNIFTY,2024-01-25,0.0,FUT
2024-01-12 13:31:00+05:30,47883.0,47897.65,47875.85,47897.65,1605,2115735,BANKNIFTY24JANFUT,BANKNIFTY,2024-01-25,0.0,FUT
2024-01-12 13:32:00+05:30,47892.8,47905.95,47889.8,47893.75,3450,2116710,BANKNIFTY24JANFUT,BANKNIFTY,2024-01-25,0.0,FUT
2024-01-12 13:33:00+05:30,47894.15,47902.45,47882.8,47893.3,1395,2116710,BANKNIFTY24JANFUT,BANKNIFTY,2024-01-25,0.0,FUT
2024-01-12 13:34:00+05:30,47893.3,47905.0,47890.8,47904.95,2295,2116710,BANKNIFTY24JANFUT,BANKNIFTY,2024-01-25,0.0,FUT
2024-01-12 13:35:00+05:30,47904.95,47949.9,47890.9,47948.0,37785,2099355,BANKNIFTY24JANFUT,BANKNIFTY,2024-01-25,0.0,FUT
2024-01-12 13:36:00+05:30,47948.0,47969.45,47930.5,47934.35,29940,2099355,BANKNIFTY24JANFUT,BANKNIFTY,2024-01-25,0.0,FUT
2024-01-12 13:37:00+05:30,47934.35,47974.0,47932.55,47965.0,14640,2099355,BANKNIFTY24JANFUT,BANKNIFTY,2024-01-25,0.0,FUT
2024-01-12 13:38:00+05:30,47965.0,47987.0,47954.1,47964.8,17790,2085690,BANKNIFTY24JANFUT,BANKNIFTY,2024-01-25,0.0,FUT
2024-01-12 13:39:00+05:30,47964.8,47975.0,47955.7,47966.8,3945,2085690,BANKNIFTY24JANFUT,BANKNIFTY,2024-01-25,0.0,FUT
2024-01-12 13:40:00+05:30,47966.8,47988.95,47966.8,47980.0,14220,2085690,BANKNIFTY24JANFUT,BANKNIFTY,2024-01-25,0.0,FUT
2024-01-12 13:41:00+05:30,47982.4,47999.95,47970.8,47999.95,15120,2085690,BANKNIFTY24JANFUT,BANKNIFTY,2024-01-25,0.0,FUT
2024-01-12 13:42:00+05:30,48008.05,48024.15,47995.05,48022.0,26625,2085090,BANKNIFTY24JANFUT,BANKNIFTY,2024-01-25,0.0,FUT
2024-01-12 13:43:00+05:30,48020.7,48022.3,47983.65,47986.0,16065,2085090,BANKNIFTY24JANFUT,BANKNIFTY,2024-01-25,0.0,FUT
2024-01-12 13:44:00+05:30,47986.0,47991.85,47962.65,47971.95,4860,2085090,BANKNIFTY24JANFUT,BANKNIFTY,2024-01-25,0.0,FUT
2024-01-12 13:45:00+05:30,47971.95,47995.8,47971.95,47973.05,7590,2077650,BANKNIFTY24JANFUT,BANKNIFTY,2024-01-25,0.0,FUT
2024-01-12 13:46:00+05:30,47973.05,47985.0,47954.65,47971.05,4755,2077650,BANKNIFTY24JANFUT,BANKNIFTY,2024-01-25,0.0,FUT
2024-01-12 13:47:00+05:30,47971.05,47971.05,47951.0,47965.0,2745,2077650,BANKNIFTY24JANFUT,BANKNIFTY,2024-01-25,0.0,FUT
2024-01-12 13:48:00+05:30,47965.0,47973.0,47959.45,47970.85,2580,2079735,BANKNIFTY24JANFUT,BANKNIFTY,2024-01-25,0.0,FUT
2024-01-12 13:49:00+05:30,47975.0,47978.1,47964.5,47978.0,2070,2079735,BANKNIFTY24JANFUT,BANKNIFTY,2024-01-25,0.0,FUT
2024-01-12 13:50:00+05:30,47978.0,47985.0,47965.1,47967.85,3915,2079735,BANKNIFTY24JANFUT,BANKNIFTY,2024-01-25,0.0,FUT
2024-01-12 13:51:00+05:30,47967.85,47980.0,47967.85,47975.0,3180,2079570,BANKNIFTY24JANFUT,BANKNIFTY,2024-01-25,0.0,FUT
2024-01-12 13:52:00+05:30,47975.0,47989.6,47974.85,47984.75,1425,2079570,BANKNIFTY24JANFUT,BANKNIFTY,2024-01-25,0.0,FUT
2024-01-12 13:53:00+05:30,47984.75,47990.7,47976.5,47986.25,2295,2079570,BANKNIFTY24JANFUT,BANKNIFTY,2024-01-25,0.0,FUT
2024-01-12 13:54:00+05:30,47986.25,47989.65,47977.4,47989.65,720,2081115,BANKNIFTY24JANFUT,BANKNIFTY,2024-01-25,0.0,FUT
2024-01-12 13:55:00+05:30,47989.65,47999.0,47979.3,47985.45,3390,2081115,BANKNIFTY24JANFUT,BANKNIFTY,2024-01-25,0.0,FUT
2024-01-12 13:56:00+05:30,47985.45,47987.5,47971.15,47980.5,1875,2081115,BANKNIFTY24JANFUT,BANKNIFTY,2024-01-25,0.0,FUT
2024-01-12 13:57:00+05:30,47980.5,47985.0,47970.0,47980.9,1440,2082600,BANKNIFTY24JANFUT,BANKNIFTY,2024-01-25,0.0,FUT
2024-01-12 13:58:00+05:30,47981.95,47987.55,47979.0,47980.0,4605,2082600,BANKNIFTY24JANFUT,BANKNIFTY,2024-01-25,0.0,FUT
2024-01-12 13:59:00+05:30,47980.0,47999.0,47980.0,47995.25,2940,2082600,BANKNIFTY24JANFUT,BANKNIFTY,2024-01-25,0.0,FUT
2024-01-12 14:00:00+05:30,47995.25,48000.0,47962.05,47973.2,7125,2081565,BANKNIFTY24JANFUT,BANKNIFTY,2024-01-25,0.0,FUT
2024-01-12 14:01:00+05:30,47973.2,47999.0,47962.15,47999.0,10275,2081565,BANKNIFTY24JANFUT,BANKNIFTY,2024-01-25,0.0,FUT
2024-01-12 14:02:00+05:30,47999.05,48000.0,47968.25,47970.0,2835,2081565,BANKNIFTY24JANFUT,BANKNIFTY,2024-01-25,0.0,FUT
2024-01-12 14:03:00+05:30,47970.0,47979.15,47962.0,47962.45,3645,2080530,BANKNIFTY24JANFUT,BANKNIFTY,2024-01-25,0.0,FUT
2024-01-12 14:04:00+05:30,47962.45,47970.8,47960.2,47962.0,990,2080530,BANKNIFTY24JANFUT,BANKNIFTY,2024-01-25,0.0,FUT
2024-01-12 14:05:00+05:30,47962.0,47969.0,47925.15,47925.15,6570,2080530,BANKNIFTY24JANFUT,BANKNIFTY,2024-01-25,0.0,FUT
2024-01-12 14:06:00+05:30,47925.0,47933.65,47900.0,47902.9,6735,2079705,BANKNIFTY24JANFUT,BANKNIFTY,2024-01-25,0.0,FUT
2024-01-12 14:07:00+05:30,47902.9,47935.7,47902.35,47922.7,3630,2079705,BANKNIFTY24JANFUT,BANKNIFTY,2024-01-25,0.0,FUT
2024-01-12 14:08:00+05:30,47922.7,47928.6,47911.0,47921.7,1680,2079705,BANKNIFTY24JANFUT,BANKNIFTY,2024-01-25,0.0,FUT
2024-01-12 14:09:00+05:30,47921.7,47946.0,47921.7,47946.0,1770,2077695,BANKNIFTY24JANFUT,BANKNIFTY,2024-01-25,0.0,FUT
2024-01-12 14:10:00+05:30,47946.0,47970.0,47941.2,47953.55,1695,2077695,BANKNIFTY24JANFUT,BANKNIFTY,2024-01-25,0.0,FUT
2024-01-12 14:11:00+05:30,47953.55,47958.3,47932.8,47938.6,1170,2077695,BANKNIFTY24JANFUT,BANKNIFTY,2024-01-25,0.0,FUT
2024-01-12 14:12:00+05:30,47938.6,47938.6,47922.1,47932.7,3000,2078040,BANKNIFTY24JANFUT,BANKNIFTY,2024-01-25,0.0,FUT
2024-01-12 14:13:00+05:30,47922.65,47940.65,47922.65,47928.4,2295,2078040,BANKNIFTY24JANFUT,BANKNIFTY,2024-01-25,0.0,FUT
2024-01-12 14:14:00+05:30,47928.4,47950.0,47928.3,47948.75,840,2078040,BANKNIFTY24JANFUT,BANKNIFTY,2024-01-25,0.0,FUT
2024-01-12 14:15:00+05:30,47948.8,47953.55,47929.85,47929.85,4260,2079315,BANKNIFTY24JANFUT,BANKNIFTY,2024-01-25,0.0,FUT
2024-01-12 14:16:00+05:30,47929.85,47945.0,47927.3,47942.2,1710,2079315,BANKNIFTY24JANFUT,BANKNIFTY,2024-01-25,0.0,FUT
2024-01-12 14:17:00+05:30,47942.2,47960.6,47942.2,47945.5,2100,2079315,BANKNIFTY24JANFUT,BANKNIFTY,2024-01-25,0.0,FUT
2024-01-12 14:18:00+05:30,47945.5,47950.0,47928.05,47934.55,1710,2079090,BANKNIFTY24JANFUT,BANKNIFTY,2024-01-25,0.0,FUT
2024-01-12 14:19:00+05:30,47934.55,47934.85,47910.1,47920.05,1170,2079090,BANKNIFTY24JANFUT,BANKNIFTY,2024-01-25,0.0,FUT
2024-01-12 14:20:00+05:30,47910.2,47930.0,47909.0,47925.5,2415,2079090,BANKNIFTY24JANFUT,BANKNIFTY,2024-01-25,0.0,FUT
2024-01-12 14:21:00+05:30,47925.5,47925.5,47892.65,47900.0,5025,2078955,BANKNIFTY24JANFUT,BANKNIFTY,2024-01-25,0.0,FUT
2024-01-12 14:22:00+05:30,47899.2,47937.35,47894.15,47937.35,1380,2078955,BANKNIFTY24JANFUT,BANKNIFTY,2024-01-25,0.0,FUT
2024-01-12 14:23:00+05:30,47937.35,47940.0,47930.0,47938.45,945,2078955,BANKNIFTY24JANFUT,BANKNIFTY,2024-01-25,0.0,FUT
2024-01-12 14:24:00+05:30,47938.45,47950.95,47932.35,47938.2,1845,2079795,BANKNIFTY24JANFUT,BANKNIFTY,2024-01-25,0.0,FUT
2024-01-12 14:25:00+05:30,47938.2,47941.6,47925.0,47925.0,1470,2079795,BANKNIFTY24JANFUT,BANKNIFTY,2024-01-25,0.0,FUT
2024-01-12 14:26:00+05:30,47925.0,47929.8,47912.95,47928.55,1380,2079795,BANKNIFTY24JANFUT,BANKNIFTY,2024-01-25,0.0,FUT
2024-01-12 14:27:00+05:30,47928.55,47949.95,47928.55,47949.95,2175,2081190,BANKNIFTY24JANFUT,BANKNIFTY,2024-01-25,0.0,FUT
2024-01-12 14:28:00+05:30,47949.95,47962.95,47942.1,47942.1,3555,2081190,BANKNIFTY24JANFUT,BANKNIFTY,2024-01-25,0.0,FUT
2024-01-12 14:29:00+05:30,47942.1,47947.65,47924.1,47933.95,1920,2081190,BANKNIFTY24JANFUT,BANKNIFTY,2024-01-25,0.0,FUT
2024-01-12 14:30:00+05:30,47933.95,47953.7,47928.45,47932.1,1230,2081130,BANKNIFTY24JANFUT,BANKNIFTY,2024-01-25,0.0,FUT
2024-01-12 14:31:00+05:30,47931.05,47960.0,47930.25,47949.95,1725,2081130,BANKNIFTY24JANFUT,BANKNIFTY,2024-01-25,0.0,FUT
2024-01-12 14:32:00+05:30,47957.05,47957.05,47942.05,47948.7,900,2081130,BANKNIFTY24JANFUT,BANKNIFTY,2024-01-25,0.0,FUT
2024-01-12 14:33:00+05:30,47948.7,47958.0,47943.3,47952.35,2640,2081085,BANKNIFTY24JANFUT,BANKNIFTY,2024-01-25,0.0,FUT
2024-01-12 14:34:00+05:30,47952.35,47956.7,47940.2,47950.0,1080,2081085,BANKNIFTY24JANFUT,BANKNIFTY,2024-01-25,0.0,FUT
2024-01-12 14:35:00+05:30,47951.25,47960.95,47950.0,47955.0,2370,2081085,BANKNIFTY24JANFUT,BANKNIFTY,2024-01-25,0.0,FUT
2024-01-12 14:36:00+05:30,47955.0,47990.45,47955.0,47983.75,6900,2079975,BANKNIFTY24JANFUT,BANKNIFTY,2024-01-25,0.0,FUT
2024-01-12 14:37:00+05:30,47991.9,48004.95,47981.15,47981.15,8040,2079975,BANKNIFTY24JANFUT,BANKNIFTY,2024-01-25,0.0,FUT
2024-01-12 14:38:00+05:30,47981.15,48012.0,47981.15,48012.0,3975,2079975,BANKNIFTY24JANFUT,BANKNIFTY,2024-01-25,0.0,FUT
2024-01-12 14:39:00+05:30,48007.25,48035.0,48000.0,48035.0,16590,2072070,BANKNIFTY24JANFUT,BANKNIFTY,2024-01-25,0.0,FUT
2024-01-12 14:40:00+05:30,48039.45,48047.0,48015.15,48038.05,26670,2072070,BANKNIFTY24JANFUT,BANKNIFTY,2024-01-25,0.0,FUT
2024-01-12 14:41:00+05:30,48028.55,48029.15,47989.75,47996.4,11445,2072070,BANKNIFTY24JANFUT,BANKNIFTY,2024-01-25,0.0,FUT
2024-01-12 14:42:00+05:30,48000.0,48023.45,48000.0,48008.45,8040,2072595,BANKNIFTY24JANFUT,BANKNIFTY,2024-01-25,0.0,FUT
2024-01-12 14:43:00+05:30,48006.1,48019.9,48005.75,48012.85,2490,2072595,BANKNIFTY24JANFUT,BANKNIFTY,2024-01-25,0.0,FUT
2024-01-12 14:44:00+05:30,48012.85,48016.0,47983.95,47992.45,2955,2072595,BANKNIFTY24JANFUT,BANKNIFTY,2024-01-25,0.0,FUT
2024-01-12 14:45:00+05:30,47990.0,48004.9,47982.55,48000.75,7335,2072655,BANKNIFTY24JANFUT,BANKNIFTY,2024-01-25,0.0,FUT
2024-01-12 14:46:00+05:30,48000.75,48009.95,47985.55,47996.9,1590,2072655,BANKNIFTY24JANFUT,BANKNIFTY,2024-01-25,0.0,FUT
2024-01-12 14:47:00+05:30,47996.9,48011.0,47985.6,48001.5,3795,2072655,BANKNIFTY24JANFUT,BANKNIFTY,2024-01-25,0.0,FUT
2024-01-12 14:48:00+05:30,48001.5,48001.5,47990.0,47991.0,1605,2074335,BANKNIFTY24JANFUT,BANKNIFTY,2024-01-25,0.0,FUT
2024-01-12 14:49:00+05:30,47991.0,47995.0,47953.15,47955.0,6900,2074335,BANKNIFTY24JANFUT,BANKNIFTY,2024-01-25,0.0,FUT
2024-01-12 14:50:00+05:30,47955.0,47983.15,47943.0,47955.0,6075,2074335,BANKNIFTY24JANFUT,BANKNIFTY,2024-01-25,0.0,FUT
2024-01-12 14:51:00+05:30,47958.2,47980.0,47954.0,47979.85,1365,2071470,BANKNIFTY24JANFUT,BANKNIFTY,2024-01-25,0.0,FUT
2024-01-12 14:52:00+05:30,47979.85,47980.0,47954.7,47960.0,2115,2071470,BANKNIFTY24JANFUT,BANKNIFTY,2024-01-25,0.0,FUT
2024-01-12 14:53:00+05:30,47960.05,47962.55,47944.0,47954.45,6330,2071470,BANKNIFTY24JANFUT,BANKNIFTY,2024-01-25,0.0,FUT
2024-01-12 14:54:00+05:30,47954.45,47960.0,47943.8,47950.35,7860,2071425,BANKNIFTY24JANFUT,BANKNIFTY,2024-01-25,0.0,FUT
2024-01-12 14:55:00+05:30,47950.35,47953.7,47930.1,47930.1,1755,2071425,BANKNIFTY24JANFUT,BANKNIFTY,2024-01-25,0.0,FUT
2024-01-12 14:56:00+05:30,47930.0,47957.0,47930.0,47933.2,3360,2071425,BANKNIFTY24JANFUT,BANKNIFTY,2024-01-25,0.0,FUT
2024-01-12 14:57:00+05:30,47933.05,47946.9,47930.0,47935.2,2070,2069580,BANKNIFTY24JANFUT,BANKNIFTY,2024-01-25,0.0,FUT
2024-01-12 14:58:00+05:30,47935.2,47955.0,47931.0,47952.4,2235,2069580,BANKNIFTY24JANFUT,BANKNIFTY,2024-01-25,0.0,FUT
2024-01-12 14:59:00+05:30,47952.4,47957.1,47933.1,47941.2,1665,2069580,BANKNIFTY24JANFUT,BANKNIFTY,2024-01-25,0.0,FUT
2024-01-12 15:00:00+05:30,47941.2,47966.55,47941.2,47950.6,1905,2069820,BANKNIFTY24JANFUT,BANKNIFTY,2024-01-25,0.0,FUT
2024-01-12 15:01:00+05:30,47950.6,47954.0,47940.1,47948.85,1290,2069820,BANKNIFTY24JANFUT,BANKNIFTY,2024-01-25,0.0,FUT
2024-01-12 15:02:00+05:30,47948.85,47949.0,47940.0,47940.0,1560,2069820,BANKNIFTY24JANFUT,BANKNIFTY,2024-01-25,0.0,FUT
2024-01-12 15:03:00+05:30,47940.0,47995.0,47940.0,47989.0,5850,2068320,BANKNIFTY24JANFUT,BANKNIFTY,2024-01-25,0.0,FUT
2024-01-12 15:04:00+05:30,47989.0,47989.85,47888.35,47891.65,11790,2068320,BANKNIFTY24JANFUT,BANKNIFTY,2024-01-25,0.0,FUT
2024-01-12 15:05:00+05:30,47876.35,47915.7,47876.15,47890.9,15990,2068320,BANKNIFTY24JANFUT,BANKNIFTY,2024-01-25,0.0,FUT
2024-01-12 15:06:00+05:30,47890.9,47890.9,47816.6,47828.35,22800,2064690,BANKNIFTY24JANFUT,BANKNIFTY,2024-01-25,0.0,FUT
2024-01-12 15:07:00+05:30,47834.35,47848.5,47818.3,47820.95,12480,2064690,BANKNIFTY24JANFUT,BANKNIFTY,2024-01-25,0.0,FUT
2024-01-12 15:08:00+05:30,47820.95,47826.35,47770.0,47772.65,31575,2064690,BANKNIFTY24JANFUT,BANKNIFTY,2024-01-25,0.0,FUT
2024-01-12 15:09:00+05:30,47772.65,47792.0,47753.45,47774.25,22530,2054505,BANKNIFTY24JANFUT,BANKNIFTY,2024-01-25,0.0,FUT
2024-01-12 15:10:00+05:30,47774.25,47782.9,47737.15,47782.9,42720,2054505,BANKNIFTY24JANFUT,BANKNIFTY,2024-01-25,0.0,FUT
2024-01-12 15:11:00+05:30,47785.0,47821.05,47785.0,47813.9,24435,2054505,BANKNIFTY24JANFUT,BANKNIFTY,2024-01-25,0.0,FUT
2024-01-12 15:12:00+05:30,47814.0,47814.0,47774.0,47786.05,8640,2052855,BANKNIFTY24JANFUT,BANKNIFTY,2024-01-25,0.0,FUT
2024-01-12 15:13:00+05:30,47791.85,47797.4,47766.45,47793.95,8160,2052855,BANKNIFTY24JANFUT,BANKNIFTY,2024-01-25,0.0,FUT
2024-01-12 15:14:00+05:30,47795.45,47815.5,47782.7,47803.95,12960,2052855,BANKNIFTY24JANFUT,BANKNIFTY,2024-01-25,0.0,FUT
2024-01-12 15:15:00+05:30,47804.65,47820.0,47785.5,47809.15,13320,2053560,BANKNIFTY24JANFUT,BANKNIFTY,2024-01-25,0.0,FUT
2024-01-12 15:16:00+05:30,47809.15,47854.0,47809.15,47825.0,13950,2053560,BANKNIFTY24JANFUT,BANKNIFTY,2024-01-25,0.0,FUT
2024-01-12 15:17:00+05:30,47825.0,47844.0,47817.0,47843.85,4485,2053560,BANKNIFTY24JANFUT,BANKNIFTY,2024-01-25,0.0,FUT
2024-01-12 15:18:00+05:30,47843.85,47848.0,47830.05,47843.55,4725,2048970,BANKNIFTY24JANFUT,BANKNIFTY,2024-01-25,0.0,FUT
2024-01-12 15:19:00+05:30,47843.55,47846.15,47836.15,47838.1,3735,2048970,BANKNIFTY24JANFUT,BANKNIFTY,2024-01-25,0.0,FUT
2024-01-12 15:20:00+05:30,47841.05,47888.0,47841.05,47886.25,12480,2048970,BANKNIFTY24JANFUT,BANKNIFTY,2024-01-25,0.0,FUT
2024-01-12 15:21:00+05:30,47886.25,47923.45,47877.3,47910.0,13545,2048130,BANKNIFTY24JANFUT,BANKNIFTY,2024-01-25,0.0,FUT
2024-01-12 15:22:00+05:30,47910.0,47910.0,47879.05,47880.9,5295,2048130,BANKNIFTY24JANFUT,BANKNIFTY,2024-01-25,0.0,FUT
2024-01-12 15:23:00+05:30,47880.9,47884.8,47855.1,47859.3,6000,2048130,BANKNIFTY24JANFUT,BANKNIFTY,2024-01-25,0.0,FUT
2024-01-12 15:24:00+05:30,47851.0,47894.6,47851.0,47891.0,6555,2049420,BANKNIFTY24JANFUT,BANKNIFTY,2024-01-25,0.0,FUT
2024-01-12 15:25:00+05:30,47891.0,47900.0,47877.2,47896.9,20070,2049420,BANKNIFTY24JANFUT,BANKNIFTY,2024-01-25,0.0,FUT
2024-01-12 15:26:00+05:30,47899.0,47899.9,47887.0,47890.0,6210,2049420,BANKNIFTY24JANFUT,BANKNIFTY,2024-01-25,0.0,FUT
2024-01-12 15:27:00+05:30,47890.0,47899.05,47884.8,47899.0,17685,2040795,BANKNIFTY24JANFUT,BANKNIFTY,2024-01-25,0.0,FUT
2024-01-12 15:28:00+05:30,47889.7,47905.0,47888.5,47902.4,12720,2040795,BANKNIFTY24JANFUT,BANKNIFTY,2024-01-25,0.0,FUT
2024-01-12 15:29:00+05:30,47902.95,47918.0,47892.65,47892.65,16785,2040795,BANKNIFTY24JANFUT,BANKNIFTY,2024-01-25,0.0,FUT
